Date,Close,Signal,Log_Returns,Peak,Valley,train_target
2020-03-31,6.590000152587891,0.0,,,,0
2020-04-01,6.076749801635742,1.0,-0.08108339072479054,,6.076749801635742,1
2020-04-02,6.386750221252441,1.0,0.04975558550451076,,,0
2020-04-03,6.097750186920166,1.0,-0.04630568511719061,,,0
2020-04-06,6.710000038146973,1.0,0.09567907533727817,,,0
2020-04-07,6.475749969482422,1.0,-0.03553453038763512,,,0
2020-04-08,6.673749923706055,1.0,0.030117483119265435,,,0
2020-04-09,6.573750019073486,1.0,-0.015097460577434578,,,0
2020-04-13,6.746250152587891,1.0,0.02590236874601531,,,0
2020-04-14,7.098750114440918,1.0,0.05093191076188819,,,0
2020-04-15,7.020999908447266,1.0,-0.011013083335513391,,,0
2020-04-16,7.367499828338623,-1.0,0.048172767334629635,7.367499828338623,,-1
2020-04-17,7.308000087738037,-1.0,-0.008108761808386374,,,0
2020-04-20,7.176249980926514,-1.0,-0.018192690679665502,,,0
2020-04-21,6.737750053405762,1.0,-0.06305091061739176,,6.737750053405762,1
2020-04-22,7.153749942779541,1.0,0.05991063751805341,,,0
2020-04-23,7.100249767303467,1.0,-0.0075067248205415976,,,0
2020-04-24,7.239749908447266,1.0,0.01945670084688809,,,0
2020-04-27,7.427000045776367,1.0,0.025535352081811423,,,0
2020-04-28,7.283999919891357,1.0,-0.019441863983196677,,,0
2020-04-29,7.46150016784668,-1.0,0.024076338016947325,7.46150016784668,,-1
2020-04-30,7.307000160217285,-1.0,-0.020923674148788783,,,0
2020-05-01,7.069499969482422,1.0,-0.0330430630026646,,7.069499969482422,1
2020-05-04,7.282249927520752,1.0,0.029650118705794926,,,0
2020-05-05,7.343500137329102,1.0,0.008375716473790845,,,0
2020-05-06,7.44474983215332,1.0,0.013693476530359102,,,0
2020-05-07,7.6217498779296875,1.0,0.023496922664705717,,,0
2020-05-08,7.8125,1.0,0.02471902895490553,,,0
2020-05-11,8.065500259399414,1.0,0.031870723034788745,,,0
2020-05-12,7.802499771118164,1.0,-0.03315157226893459,,,0
2020-05-13,7.78000020980835,1.0,-0.0028878006704198427,,,0
2020-05-14,8.030500411987305,1.0,0.03169047866568057,,,0
2020-05-15,8.490750312805176,1.0,0.05573052866125635,,,0
2020-05-18,8.750249862670898,1.0,0.030104883210741736,,,0
2020-05-19,8.805500030517578,1.0,0.006294274023110497,,,0
2020-05-20,8.970000267028809,1.0,0.018509176121058953,,,0
2020-05-21,8.775250434875488,1.0,-0.021950397308168824,,,0
2020-05-22,9.026249885559082,-1.0,0.02820167757294269,9.026249885559082,,-1
2020-05-26,8.71774959564209,-1.0,-0.034775855384741636,,,0
2020-05-27,8.525250434875488,-1.0,-0.022328731456751745,,,0
2020-05-28,8.487000465393066,1.0,-0.004496763439552177,,8.487000465393066,1
2020-05-29,8.875499725341797,1.0,0.04475900503353066,,,0
2020-06-01,8.806249618530273,1.0,-0.007832987510275741,,,0
2020-06-02,8.825249671936035,1.0,0.0021552405098908324,,,0
2020-06-03,8.769499778747559,1.0,-0.006337126870388119,,,0
2020-06-04,8.766500473022461,1.0,-0.00034207410028311064,,,0
2020-06-05,8.920000076293945,1.0,0.017358262259045874,,,0
2020-06-08,8.805000305175781,1.0,-0.012976178537508796,,,0
2020-06-09,9.045999526977539,1.0,0.02700284215732083,,,0
2020-06-10,9.36674976348877,-1.0,0.034843540414219366,9.36674976348877,,-1
2020-06-11,8.796250343322754,1.0,-0.06284062584987961,,8.796250343322754,1
2020-06-12,8.932499885559082,1.0,0.015370764774479519,,,0
2020-06-15,9.173749923706055,1.0,0.026649838456903874,,,0
2020-06-16,9.068499565124512,1.0,-0.011539314439757888,,,0
2020-06-17,9.236000061035156,1.0,0.01830207597981793,,,0
2020-06-18,9.218000411987305,1.0,-0.0019507591085461012,,,0
2020-06-19,9.261249542236328,1.0,0.004680840328778948,,,0
2020-06-22,9.526749610900879,-1.0,0.02826461100746361,9.526749610900879,,-1
2020-06-23,9.449999809265137,-1.0,-0.008088869006274724,,,0
2020-06-24,9.23550033569336,-1.0,-0.022959930936678846,,,0
2020-06-25,9.489999771118164,-1.0,0.027183798118234903,,,0
2020-06-26,9.154999732971191,1.0,-0.03593843954468792,,9.154999732971191,1
2020-06-29,9.199999809265137,1.0,0.004903314364008251,,,0
2020-06-30,9.497750282287598,1.0,0.031851494848290016,,,0
2020-07-01,9.529999732971191,1.0,0.003389731475064247,,,0
2020-07-02,9.612250328063965,1.0,0.008593671174692641,,,0
2020-07-06,9.839249610900879,1.0,0.023341088280512803,,,0
2020-07-07,9.871749877929688,1.0,0.0032976812261376167,,,0
2020-07-08,10.215999603271484,1.0,0.03427794956855967,,,0
2020-07-09,10.508999824523926,-1.0,0.028276936289563466,10.508999824523926,,-1
2020-07-10,10.479249954223633,-1.0,-0.0028349091075398325,,,0
2020-07-13,10.052249908447266,1.0,-0.04160062614133183,,10.052249908447266,1
2020-07-14,10.376999855041504,1.0,0.03179532371703811,,,0
2020-07-15,10.227250099182129,1.0,-0.01453606833468827,,,0
2020-07-16,10.134750366210938,1.0,-0.009085587580889513,,,0
2020-07-17,10.201499938964844,1.0,0.006564613580354031,,,0
2020-07-20,10.510749816894531,-1.0,0.029863763212268874,10.510749816894531,,-1
2020-07-21,10.328499794006348,-1.0,-0.017491481019003968,,,0
2020-07-22,10.438750267028809,-1.0,0.01061782455386494,,,0
2020-07-23,10.12975025177002,1.0,-0.03004820542604599,,10.12975025177002,1
2020-07-24,10.194499969482422,1.0,0.0063716925415675625,,,0
2020-07-27,10.421500205993652,1.0,0.022022643484448812,,,0
2020-07-28,10.215499877929688,1.0,-0.0199648369175969,,,0
2020-07-29,10.465499877929688,1.0,0.02417795865298451,,,0
2020-07-30,10.61400032043457,1.0,0.014089793194310815,,,0
2020-07-31,10.614749908447266,1.0,7.062007936642181e-05,,,0
2020-08-03,11.010250091552734,1.0,0.0365821307474882,,,0
2020-08-04,11.227749824523926,1.0,0.019561711436444997,,,0
2020-08-05,11.286749839782715,1.0,0.005241080298829442,,,0
2020-08-06,11.33549976348877,-1.0,0.004309916124462932,11.33549976348877,,-1
2020-08-07,11.19950008392334,-1.0,-0.012070231341223966,,,0
2020-08-10,11.164999961853027,-1.0,-0.003085260065409424,,,0
2020-08-11,10.850000381469727,1.0,-0.028618766730496355,,10.850000381469727,1
2020-08-12,11.440250396728516,1.0,0.05297275839306807,,,0
2020-08-13,11.442999839782715,1.0,0.0002403017962057987,,,0
2020-08-14,11.564000129699707,1.0,0.010518660035674662,,,0
2020-08-17,12.336999893188477,1.0,0.06470603306159119,,,0
2020-08-18,12.260749816894531,1.0,-0.0061997801774219975,,,0
2020-08-19,12.138500213623047,1.0,-0.010020851142260156,,,0
2020-08-20,12.140999794006348,1.0,0.00020590048323447846,,,0
2020-08-21,12.683500289916992,1.0,0.04371382142046239,,,0
2020-08-24,12.720250129699707,1.0,0.0028932629876822873,,,0
2020-08-25,12.75,1.0,0.0023360496012304337,,,0
2020-08-26,12.77299976348877,1.0,0.001802277939706439,,,0
2020-08-27,12.628250122070312,1.0,-0.011397172102017667,,,0
2020-08-28,13.147749900817871,1.0,0.04031425633666437,,,0
2020-08-31,13.374500274658203,1.0,0.017099295662903715,,,0
2020-09-01,13.821000099182129,1.0,0.03283925235638813,,,0
2020-09-02,14.346500396728516,-1.0,0.0373168558728193,14.346500396728516,,-1
2020-09-03,13.01550006866455,-1.0,-0.09736507747578385,,,0
2020-09-04,12.6225004196167,-1.0,-0.030659991200633074,,,0
2020-09-08,11.913000106811523,1.0,-0.05785071921129476,,11.913000106811523,1
2020-09-09,12.71500015258789,-1.0,0.06515216109151593,12.71500015258789,,-1
2020-09-10,12.311750411987305,-1.0,-0.03222828647445947,,,0
2020-09-11,12.16450023651123,1.0,-0.012032231087463575,,12.16450023651123,1
2020-09-14,12.872249603271484,1.0,0.056551907369491276,,,0
2020-09-15,12.991000175476074,-1.0,0.009183022838835025,12.991000175476074,,-1
2020-09-16,12.51449966430664,-1.0,-0.03736887831735765,,,0
2020-09-17,12.463500022888184,-1.0,-0.004083570576323276,,,0
2020-09-18,12.189249992370605,1.0,-0.022249959493802606,,12.189249992370605,1
2020-09-21,12.517250061035156,1.0,0.026553282725834165,,,0
2020-09-22,12.637749671936035,-1.0,0.009580642726084384,12.637749671936035,,-1
2020-09-23,12.123749732971191,1.0,-0.041522023885191564,,12.123749732971191,1
2020-09-24,12.347999572753906,1.0,0.018327755339133504,,,0
2020-09-25,12.873749732971191,1.0,0.04169626167627534,,,0
2020-09-28,13.03499984741211,1.0,0.012447701963692402,,,0
2020-09-29,13.225749969482422,1.0,0.014527648924527545,,,0
2020-09-30,13.530500411987305,1.0,0.022780742259691573,,,0
2020-10-01,13.614500045776367,-1.0,0.006188977748778555,13.614500045776367,,-1
2020-10-02,13.062250137329102,1.0,-0.04140900331311438,,13.062250137329102,1
2020-10-05,13.642499923706055,1.0,0.04346351318654283,,,0
2020-10-06,13.736499786376953,1.0,0.006866593594210776,,,0
2020-10-07,13.96399974822998,1.0,0.016426063132766004,,,0
2020-10-08,13.838749885559082,1.0,-0.009009951290913748,,,0
2020-10-09,13.762749671936035,1.0,-0.005506976570954282,,,0
2020-10-12,14.22599983215332,1.0,0.03310562116175188,,,0
2020-10-13,14.248250007629395,-1.0,0.001562828178440615,14.248250007629395,,-1
2020-10-14,14.095250129699707,-1.0,-0.010796222294642473,,,0
2020-10-15,13.970000267028809,-1.0,-0.008925678013219727,,,0
2020-10-16,13.81149959564209,-1.0,-0.011410643193166137,,,0
2020-10-19,13.497750282287598,-1.0,-0.022978523389187426,,,0
2020-10-20,13.645500183105469,-1.0,0.010886784565870312,,,0
2020-10-21,13.524749755859375,-1.0,-0.00888848814487578,,,0
2020-10-22,13.361000061035156,-1.0,-0.012181302047042345,,,0
2020-10-23,13.590250015258789,-1.0,0.017012604821033225,,,0
2020-10-26,13.141249656677246,-1.0,-0.033596513213622906,,,0
2020-10-27,13.396750450134277,-1.0,0.019256062044436032,,,0
2020-10-28,12.626999855041504,1.0,-0.0591748068502603,,12.626999855041504,1
2020-10-29,13.02400016784668,-1.0,0.030956455171174447,13.02400016784668,,-1
2020-10-30,12.534000396728516,1.0,-0.038348838693004636,,12.534000396728516,1
2020-11-02,12.580750465393066,1.0,0.0037229214749599573,,,0
2020-11-03,13.019499778747559,1.0,0.034280311661714385,,,0
2020-11-04,13.794249534606934,1.0,0.05780358833727843,,,0
2020-11-05,14.15999984741211,1.0,0.026169272560969542,,,0
2020-11-06,14.562000274658203,-1.0,0.027994337344223325,14.562000274658203,,-1
2020-11-09,13.630749702453613,-1.0,-0.06608716678963665,,,0
2020-11-10,12.770000457763672,1.0,-0.06522954215292914,,12.770000457763672,1
2020-11-11,13.418000221252441,1.0,0.049498399738672635,,,0
2020-11-12,13.45674991607666,1.0,0.002883727028482879,,,0
2020-11-13,13.29699993133545,1.0,-0.011942391947749889,,,0
2020-11-16,13.515250205993652,-1.0,0.01628025205346539,13.515250205993652,,-1
2020-11-17,13.422249794006348,-1.0,-0.006904930412521109,,,0
2020-11-18,13.428750038146973,-1.0,0.0004841714877092664,,,0
2020-11-19,13.440250396728516,-1.0,0.0008560317911115068,,,0
2020-11-20,13.087750434875488,-1.0,-0.026577254191784375,,,0
2020-11-23,13.140000343322754,-1.0,0.003984327745891164,,,0
2020-11-24,12.95775032043457,1.0,-0.013966949714480852,,12.95775032043457,1
2020-11-25,13.234749794006348,1.0,0.02115184115735652,,,0
2020-11-27,13.261249542236328,1.0,0.0020002836450473656,,,0
2020-11-30,13.40149974822998,1.0,0.01052040793137043,,,0
2020-12-01,13.390000343322754,1.0,-0.0008584368605045294,,,0
2020-12-02,13.544500350952148,1.0,0.011472401433046266,,,0
2020-12-03,13.395999908447266,1.0,-0.011024438678738155,,,0
2020-12-04,13.558250427246094,1.0,0.012039101550869454,,,0
2020-12-07,13.606749534606934,-1.0,0.0035707092920372364,13.606749534606934,,-1
2020-12-08,13.350000381469727,-1.0,-0.019049545519761627,,,0
2020-12-09,12.930749893188477,1.0,-0.0319082259391091,,12.930749893188477,1
2020-12-10,12.972249984741211,1.0,0.0032042718801935524,,,0
2020-12-11,13.013250350952148,1.0,0.0031556367747310504,,,0
2020-12-14,13.30875015258789,1.0,0.02245362897532458,,,0
2020-12-15,13.36050033569336,-1.0,0.0038808925717950748,13.36050033569336,,-1
2020-12-16,13.242500305175781,-1.0,-0.008871240201981344,,,0
2020-12-17,13.3412504196167,-1.0,0.007429393216891402,,,0
2020-12-18,13.272000312805176,-1.0,-0.005204194241666884,,,0
2020-12-21,13.332249641418457,-1.0,0.00452930879211731,,,0
2020-12-22,13.278249740600586,-1.0,-0.004058546528240121,,,0
2020-12-23,13.009249687194824,-1.0,-0.02046671986605222,,,0
2020-12-24,12.993749618530273,-1.0,-0.0011921755885267434,,,0
2020-12-28,12.899999618530273,1.0,-0.007241161469916745,,12.899999618530273,1
2020-12-29,12.943249702453613,1.0,0.003347111948987146,,,0
2020-12-30,13.145750045776367,1.0,0.015524122205915642,,,0
2020-12-31,13.055000305175781,1.0,-0.006927290423979356,,,0
2021-01-04,13.113499641418457,1.0,0.004470981050543489,,,0
2021-01-05,13.404749870300293,-1.0,0.02196690550301122,13.404749870300293,,-1
2021-01-06,12.614500045776367,1.0,-0.06076216249915558,,12.614500045776367,1
2021-01-07,13.343999862670898,1.0,0.05621988574328934,,,0
2021-01-08,13.276749610900879,1.0,-0.00505247945012933,,,0
2021-01-11,13.621500015258789,-1.0,0.025635072061242433,13.621500015258789,,-1
2021-01-12,13.484749794006348,-1.0,-0.010090025909796312,,,0
2021-01-13,13.531749725341797,-1.0,0.003479353697653922,,,0
2021-01-14,13.200249671936035,-1.0,-0.02480301176985591,,,0
2021-01-15,12.85949993133545,1.0,-0.026152911488870202,,12.85949993133545,1
2021-01-19,13.025250434875488,1.0,0.012806982235122326,,,0
2021-01-20,13.365750312805176,1.0,0.02580567344236118,,,0
2021-01-21,13.867500305175781,-1.0,0.03685250681112923,13.867500305175781,,-1
2021-01-22,13.712499618530273,-1.0,-0.011240197171573525,,,0
2021-01-25,13.653249740600586,-1.0,-0.00433022825243062,,,0
2021-01-26,13.435250282287598,-1.0,-0.016095698511364366,,,0
2021-01-27,12.917750358581543,1.0,-0.03927950867759171,,12.917750358581543,1
2021-01-28,13.050999641418457,1.0,0.010262369369144346,,,0
2021-01-29,12.989749908447266,1.0,-0.004704153834266323,,,0
2021-02-01,13.237000465393066,1.0,0.018855396014416898,,,0
2021-02-02,13.556750297546387,1.0,0.023868626327334348,,,0
2021-02-03,13.530500411987305,1.0,-0.001938173353797429,,,0
2021-02-04,13.664250373840332,1.0,0.009836533627104809,,,0
2021-02-05,13.590999603271484,1.0,-0.005375180708097024,,,0
2021-02-08,14.438750267028809,1.0,0.06050780333197533,,,0
2021-02-09,14.263250350952148,1.0,-0.01222925925232539,,,0
2021-02-10,14.764249801635742,1.0,0.03452238080708264,,,0
2021-02-11,15.250749588012695,1.0,0.03241995048833333,,,0
2021-02-12,14.961250305175781,1.0,-0.019165109554554846,,,0
2021-02-16,15.330249786376953,-1.0,0.024364441105841437,15.330249786376953,,-1
2021-02-17,14.906000137329102,-1.0,-0.028064161036520423,,,0
2021-02-18,14.829000473022461,-1.0,-0.00517907078110557,,,0
2021-02-19,14.92650032043457,-1.0,0.006553423317279767,,,0
2021-02-22,14.35575008392334,-1.0,-0.03898761355051905,,,0
2021-02-23,14.142000198364258,-1.0,-0.015001457449510954,,,0
2021-02-24,14.49899959564209,-1.0,0.02493054643372588,,,0
2021-02-25,13.307499885559082,1.0,-0.08575187617733601,,13.307499885559082,1
2021-02-26,13.714500427246094,1.0,0.030125920978283177,,,0
2021-03-01,13.841750144958496,-1.0,0.009235699311950457,13.841750144958496,,-1
2021-03-02,13.40625,-1.0,-0.031968381626987674,,,0
2021-03-03,12.804750442504883,-1.0,-0.04590478573310568,,,0
2021-03-04,12.37024974822998,-1.0,-0.03452185436194206,,,0
2021-03-05,12.46150016784668,-1.0,0.007349528782307953,,,0
2021-03-08,11.593250274658203,1.0,-0.0722208489312436,,11.593250274658203,1
2021-03-09,12.52025032043457,1.0,0.07692430323270878,,,0
2021-03-10,12.468250274658203,1.0,-0.0041619240529334285,,,0
2021-03-11,12.993499755859375,1.0,0.04126377856632892,,,0
2021-03-12,12.855999946594238,1.0,-0.01063858934935073,,,0
2021-03-15,13.19124984741211,1.0,0.025743095154745585,,,0
2021-03-16,13.291250228881836,1.0,0.00755222176784224,,,0
2021-03-17,13.3412504196167,-1.0,0.0037548294949660494,13.3412504196167,,-1
2021-03-18,12.72249984741211,1.0,-0.04748870321131016,,12.72249984741211,1
2021-03-19,12.845749855041504,1.0,0.009640938563459382,,,0
2021-03-22,13.186249732971191,-1.0,0.026161593712567866,13.186249732971191,,-1
2021-03-23,13.07075023651123,-1.0,-0.008797672358284969,,,0
2021-03-24,12.642999649047852,-1.0,-0.03327325283389995,,,0
2021-03-25,12.535249710083008,1.0,-0.008559022131548402,,12.535249710083008,1
2021-03-26,12.839249610900879,1.0,0.023962202595821224,,,0
2021-03-29,12.948249816894531,1.0,0.008453774702087117,,,0
2021-03-30,12.871749877929688,1.0,-0.00592565172086071,,,0
2021-03-31,13.348250389099121,1.0,0.036350341244573245,,,0
2021-04-01,13.811750411987305,1.0,0.034134389728747994,,,0
2021-04-05,13.987500190734863,1.0,0.012644378284169979,,,0
2021-04-06,13.861499786376953,1.0,-0.009048889671320141,,,0
2021-04-07,14.143500328063965,1.0,0.020139980184274795,,,0
2021-04-08,14.317000389099121,1.0,0.012192491768518098,,,0
2021-04-09,14.399999618530273,1.0,0.005780510535391305,,,0
2021-04-12,15.208999633789062,1.0,0.054659153720662254,,,0
2021-04-13,15.679499626159668,-1.0,0.030466769004452398,15.679499626159668,,-1
2021-04-14,15.277000427246094,1.0,-0.026005645465908042,,15.277000427246094,1
2021-04-15,16.137250900268555,-1.0,0.054781862624007444,16.137250900268555,,-1
2021-04-16,15.912500381469727,-1.0,-0.014025332117730858,,,0
2021-04-19,15.361749649047852,-1.0,-0.035224357180927,,,0
2021-04-20,15.171250343322754,-1.0,-0.012478418607297266,,,0
2021-04-21,15.36050033569336,-1.0,0.012397089059116243,,,0
2021-04-22,14.850250244140625,1.0,-0.03378258456337114,,14.850250244140625,1
2021-04-23,15.265250205993652,1.0,0.02756230031678468,,,0
2021-04-26,15.477999687194824,-1.0,0.01384062375781319,15.477999687194824,,-1
2021-04-27,15.381750106811523,-1.0,-0.00623789195474628,,,0
2021-04-28,15.276749610900879,-1.0,-0.006849709373654527,,,0
2021-04-29,15.324749946594238,-1.0,0.003137125680372123,,,0
2021-04-30,15.009499549865723,-1.0,-0.020785861015906813,,,0
2021-05-03,14.836750030517578,-1.0,-0.011576090858552518,,,0
2021-05-04,14.351249694824219,1.0,-0.03327018795498372,,14.351249694824219,1
2021-05-05,14.458499908447266,1.0,0.007445445416758985,,,0
2021-05-06,14.52299976348877,1.0,0.004451112762488398,,,0
2021-05-07,14.812250137329102,-1.0,0.019720967046730226,14.812250137329102,,-1
2021-05-10,14.26574993133545,-1.0,-0.03759299568143168,,,0
2021-05-11,14.306249618530273,-1.0,0.002834923348510829,,,0
2021-05-12,13.758500099182129,-1.0,-0.0390396559103082,,,0
2021-05-13,13.665249824523926,1.0,-0.006800720858229164,,13.665249824523926,1
2021-05-14,14.243000030517578,1.0,0.041409458809434675,,,0
2021-05-17,14.165499687194824,1.0,-0.005456151247374874,,,0
2021-05-18,14.01574993133545,1.0,-0.010627716469842594,,,0
2021-05-19,14.065750122070312,1.0,0.0035610806743724363,,,0
2021-05-20,14.612500190734863,1.0,0.038134566798802005,,,0
2021-05-21,14.99174976348877,1.0,0.025622694169593552,,,0
2021-05-24,15.612000465393066,1.0,0.04053984510768962,,,0
2021-05-25,15.647749900817871,1.0,0.002287251215464839,,,0
2021-05-26,15.699999809265137,1.0,0.0033335698617538313,,,0
2021-05-27,15.48799991607666,1.0,-0.013595175089927799,,,0
2021-05-28,16.24449920654297,1.0,0.0476888159859756,,,0
2021-06-01,16.26449966430664,1.0,0.0012304568569805028,,,0
2021-06-02,16.778249740600586,1.0,0.031098591358956353,,,0
2021-06-03,16.969749450683594,1.0,0.011348925569972055,,,0
2021-06-04,17.578250885009766,1.0,0.03523007782403736,,,0
2021-06-07,17.618999481201172,1.0,0.002315443051534331,,,0
2021-06-08,17.457000732421875,1.0,-0.009237079464661641,,,0
2021-06-09,17.35824966430664,1.0,-0.005672877938257003,,,0
2021-06-10,17.424999237060547,1.0,0.0038380345022454034,,,0
2021-06-11,17.82525062561035,1.0,0.022710113681910834,,,0
2021-06-14,18.018749237060547,1.0,0.010796813518844263,,,0
2021-06-15,17.78849983215332,1.0,-0.012860668408017166,,,0
2021-06-16,17.81024932861328,1.0,0.001221924909098336,,,0
2021-06-17,18.657249450683594,1.0,0.04646068448965472,,,0
2021-06-18,18.638750076293945,1.0,-0.000992030037613372,,,0
2021-06-21,18.427249908447266,1.0,-0.011412208675566336,,,0
2021-06-22,18.886749267578125,1.0,0.02463003688794591,,,0
2021-06-23,19.057249069213867,1.0,0.008986978529076466,,,0
2021-06-24,19.20549964904785,1.0,0.007749120314457748,,,0
2021-06-25,19.0310001373291,1.0,-0.009127442321227154,,,0
2021-06-28,19.985000610351562,1.0,0.04891278695280572,,,0
2021-06-29,20.026750564575195,1.0,0.002086885384904765,,,0
2021-06-30,20.002500534057617,1.0,-0.0012116156469895848,,,0
2021-07-01,20.211999893188477,1.0,0.01041918970341734,,,0
2021-07-02,20.48699951171875,1.0,0.013514032668247635,,,0
2021-07-06,20.69849967956543,-1.0,0.010270703583178926,20.69849967956543,,-1
2021-07-07,20.371749877929688,-1.0,-0.01591208718713902,,,0
2021-07-08,19.90275001525879,1.0,-0.023291217304992274,,19.90275001525879,1
2021-07-09,20.050249099731445,1.0,0.007383663697759625,,,0
2021-07-12,20.512500762939453,-1.0,0.02279291600793088,20.512500762939453,,-1
2021-07-13,20.25,-1.0,-0.012879700057539948,,,0
2021-07-14,19.84149932861328,-1.0,-0.02037912355251214,,,0
2021-07-15,18.966249465942383,-1.0,-0.045114614301036166,,,0
2021-07-16,18.160999298095703,1.0,-0.04338465661162849,,18.160999298095703,1
2021-07-19,18.77975082397461,1.0,0.0335028064457563,,,0
2021-07-20,18.61199951171875,1.0,-0.008972697785480313,,,0
2021-07-21,19.40999984741211,1.0,0.04198188157196866,,,0
2021-07-22,19.5939998626709,-1.0,0.009435000594102209,19.5939998626709,,-1
2021-07-23,19.558000564575195,-1.0,-0.001838951156921062,,,0
2021-07-26,19.29400062561035,-1.0,-0.013590239583311283,,,0
2021-07-27,19.20800018310547,1.0,-0.004467330721762513,,19.20800018310547,1
2021-07-28,19.503000259399414,1.0,0.015241444739205919,,,0
2021-07-29,19.66200065612793,1.0,0.008119559124158455,,,0
2021-07-30,19.499000549316406,1.0,-0.008324661940121393,,,0
2021-08-02,19.75,1.0,0.012790280972164732,,,0
2021-08-03,19.815000534057617,1.0,0.0032857622474557206,,,0
2021-08-04,20.27400016784668,1.0,0.022900031644534136,,,0
2021-08-05,20.636999130249023,-1.0,0.01774625382764174,20.636999130249023,,-1
2021-08-06,20.365999221801758,-1.0,-0.013218733527946546,,,0
2021-08-09,20.295000076293945,-1.0,-0.0034922514887064915,,,0
2021-08-10,19.93600082397461,-1.0,-0.017847370114077984,,,0
2021-08-11,19.698999404907227,1.0,-0.011959341111101897,,19.698999404907227,1
2021-08-12,19.905000686645508,1.0,0.010403148123482307,,,0
2021-08-13,20.187999725341797,-1.0,0.014117363924580911,20.187999725341797,,-1
2021-08-16,19.950000762939453,-1.0,-0.011859173294542084,,,0
2021-08-17,19.45800018310547,-1.0,-0.024970875614922644,,,0
2021-08-18,19.040000915527344,1.0,-0.021716228515890848,,19.040000915527344,1
2021-08-19,19.79800033569336,1.0,0.039038862005900773,,,0
2021-08-20,20.81599998474121,1.0,0.050140981583579394,,,0
2021-08-23,21.95800018310547,1.0,0.05340962511431851,,,0
2021-08-24,21.792999267578125,1.0,-0.007542762445888017,,,0
2021-08-25,22.21299934387207,1.0,0.0190888898319217,,,0
2021-08-26,22.06800079345703,1.0,-0.006549042172191358,,,0
2021-08-27,22.63599967956543,1.0,0.025412913759027357,,,0
2021-08-30,22.687999725341797,1.0,0.0022945931195311998,,,0
2021-08-31,22.385000228881836,1.0,-0.013445036326122194,,,0
2021-09-01,22.44099998474121,1.0,0.002498540343773186,,,0
2021-09-02,22.395999908447266,1.0,-0.0020072748627469423,,,0
2021-09-03,22.843000411987305,-1.0,0.01976237531059525,22.843000411987305,,-1
2021-09-07,22.66200065612793,-1.0,-0.00795520079818082,,,0
2021-09-08,22.339000701904297,-1.0,-0.014355480608791235,,,0
2021-09-09,22.177000045776367,-1.0,-0.007278343452335401,,,0
2021-09-10,22.47800064086914,-1.0,0.013481363756996285,,,0
2021-09-13,22.152000427246094,-1.0,-0.014609276451343509,,,0
2021-09-14,22.242000579833984,-1.0,0.004054614310295672,,,0
2021-09-15,22.340999603271484,-1.0,0.004441118172773132,,,0
2021-09-16,22.242000579833984,-1.0,-0.004441118172773133,,,0
2021-09-17,21.899999618530273,-1.0,-0.01549580006223147,,,0
2021-09-20,21.113000869750977,1.0,-0.03659761370275634,,21.113000869750977,1
2021-09-21,21.246000289916992,1.0,0.006279650302553013,,,0
2021-09-22,21.94099998474121,1.0,0.03218837596082367,,,0
2021-09-23,22.48200035095215,-1.0,0.024357972685600242,22.48200035095215,,-1
2021-09-24,22.08099937438965,-1.0,-0.01799752274407363,,,0
2021-09-27,21.65999984741211,-1.0,-0.019250247377734276,,,0
2021-09-28,20.698999404907227,-1.0,-0.045381873352337926,,,0
2021-09-29,20.517000198364258,-1.0,-0.008831540723464698,,,0
2021-09-30,20.715999603271484,-1.0,0.009652508958462341,,,0
2021-10-01,20.742000579833984,-1.0,0.0012543287113075847,,,0
2021-10-04,19.73200035095215,1.0,-0.049918956964695595,,19.73200035095215,1
2021-10-05,20.451000213623047,1.0,0.03579009033693116,,,0
2021-10-06,20.700000762939453,1.0,0.012101945633939386,,,0
2021-10-07,21.075000762939453,-1.0,0.0179538029607776,21.075000762939453,,-1
2021-10-08,20.83099937438965,-1.0,-0.01164530831996199,,,0
2021-10-11,20.69499969482422,-1.0,-0.006550121314774502,,,0
2021-10-12,20.67099952697754,1.0,-0.0011603815206291633,,20.67099952697754,1
2021-10-13,20.93899917602539,1.0,0.01288168052527347,,,0
2021-10-14,21.746000289916992,1.0,0.03781643644853965,,,0
2021-10-15,21.86199951171875,1.0,0.00532010162941541,,,0
2021-10-18,22.222000122070312,1.0,0.01633284711809427,,,0
2021-10-19,22.290000915527344,1.0,0.00305539381619707,,,0
2021-10-20,22.10300064086914,1.0,-0.008424813559260657,,,0
2021-10-21,22.691999435424805,1.0,0.026299039672425858,,,0
2021-10-22,22.72599983215332,1.0,0.0014972215257516167,,,0
2021-10-25,23.166000366210938,1.0,0.01917606620812569,,,0
2021-10-26,24.716999053955078,1.0,0.06480552540821588,,,0
2021-10-27,24.451000213623047,1.0,-0.010820104109701523,,,0
2021-10-28,24.94099998474121,1.0,0.019841911450427123,,,0
2021-10-29,25.566999435424805,1.0,0.024789400280356238,,,0
2021-11-01,25.82699966430664,1.0,0.010118007998585794,,,0
2021-11-02,26.400999069213867,1.0,0.021981409620891398,,,0
2021-11-03,26.597999572753906,1.0,0.0074341559608300115,,,0
2021-11-04,29.801000595092773,1.0,0.11370596103631894,,,0
2021-11-05,29.75200080871582,1.0,-0.0016455861595331433,,,0
2021-11-08,30.804000854492188,-1.0,0.03474819561198729,30.804000854492188,,-1
2021-11-09,30.656999588012695,-1.0,-0.004783571557076651,,,0
2021-11-10,29.458999633789062,1.0,-0.03986155416371869,,29.458999633789062,1
2021-11-11,30.389999389648438,-1.0,0.031114133148882697,30.389999389648438,,-1
2021-11-12,30.389999389648438,-1.0,0.0,,,0
2021-11-15,30.024999618530273,-1.0,-0.012083231583763739,,,0
2021-11-16,30.202999114990234,-1.0,0.005910872632474999,,,0
2021-11-17,29.26099967956543,1.0,-0.031685667486416075,,29.26099967956543,1
2021-11-18,31.674999237060547,1.0,0.07927214171368,,,0
2021-11-19,32.98500061035156,-1.0,0.04052522905803055,32.98500061035156,,-1
2021-11-22,31.95599937438965,-1.0,-0.03169299413619371,,,0
2021-11-23,31.746000289916992,1.0,-0.006593194760109051,,31.746000289916992,1
2021-11-24,32.67399978637695,-1.0,0.028812905783859564,32.67399978637695,,-1
2021-11-26,31.503000259399414,1.0,-0.03649686044021974,,31.503000259399414,1
2021-11-29,33.375999450683594,-1.0,0.05775427473385255,33.375999450683594,,-1
2021-11-30,32.67599868774414,-1.0,-0.021196239039937878,,,0
2021-12-01,31.434999465942383,1.0,-0.03871891847424149,,31.434999465942383,1
2021-12-02,32.125999450683594,-1.0,0.02174374919100605,32.125999450683594,,-1
2021-12-03,30.69300079345703,-1.0,-0.045631012620450516,,,0
2021-12-06,30.03700065612793,1.0,-0.021604664507621833,,30.03700065612793,1
2021-12-07,32.426998138427734,-1.0,0.0765613747853891,32.426998138427734,,-1
2021-12-08,31.826000213623047,-1.0,-0.018707779193869865,,,0
2021-12-09,30.489999771118164,-1.0,-0.042884819006830395,,,0
2021-12-10,30.197999954223633,-1.0,-0.009623057986975847,,,0
2021-12-13,28.160999298095703,1.0,-0.06983767840813328,,28.160999298095703,1
2021-12-14,28.336999893188477,1.0,0.006230350346331341,,,0
2021-12-15,30.458999633789062,-1.0,0.07221313751951526,30.458999633789062,,-1
2021-12-16,28.386999130249023,-1.0,-0.07045024171279106,,,0
2021-12-17,27.801000595092773,-1.0,-0.020859250573217417,,,0
2021-12-20,27.7189998626709,1.0,-0.0029539189975320147,,27.7189998626709,1
2021-12-21,29.075000762939453,1.0,0.0477606309645451,,,0
2021-12-22,29.399999618530273,1.0,0.011115936724353345,,,0
2021-12-23,29.639999389648438,1.0,0.008130118466252778,,,0
2021-12-27,30.94499969482422,-1.0,0.04308664549371993,30.94499969482422,,-1
2021-12-28,30.32200050354004,-1.0,-0.020337887063632404,,,0
2021-12-29,30.000999450683594,-1.0,-0.010642842135806626,,,0
2021-12-30,29.586000442504883,-1.0,-0.01392940470340145,,,0
2021-12-31,29.410999298095703,1.0,-0.005932561264004396,,29.410999298095703,1
2022-01-03,30.121000289916992,-1.0,0.02385388237425141,30.121000289916992,,-1
2022-01-04,29.290000915527344,-1.0,-0.02797642043987773,,,0
2022-01-05,27.604000091552734,1.0,-0.05928549902197395,,27.604000091552734,1
2022-01-06,28.17799949645996,-1.0,0.020580820686111178,28.17799949645996,,-1
2022-01-07,27.246999740600586,1.0,-0.03359809997581361,,27.246999740600586,1
2022-01-10,27.399999618530273,1.0,0.00559958568647121,,,0
2022-01-11,27.816999435424805,1.0,0.015104324823602439,,,0
2022-01-12,27.999000549316406,-1.0,0.006521490575488862,27.999000549316406,,-1
2022-01-13,26.575000762939453,-1.0,-0.052197861933935295,,,0
2022-01-14,26.941999435424805,-1.0,0.013715433384241178,,,0
2022-01-18,25.902999877929688,-1.0,-0.039327598920230036,,,0
2022-01-19,25.066999435424805,-1.0,-0.03280656985197703,,,0
2022-01-20,24.149999618530273,-1.0,-0.037267853246227854,,,0
2022-01-21,23.374000549316406,-1.0,-0.032660047290596204,,,0
2022-01-24,23.371999740600586,-1.0,-8.560341867258537e-05,,,0
2022-01-25,22.323999404907227,1.0,-0.04587640732436348,,22.323999404907227,1
2022-01-26,22.77199935913086,-1.0,0.019869376676876684,22.77199935913086,,-1
2022-01-27,21.944000244140625,1.0,-0.03703791818505504,,21.944000244140625,1
2022-01-28,22.84000015258789,1.0,0.04001962670761735,,,0
2022-01-31,24.486000061035156,1.0,0.06958813667583863,,,0
2022-02-01,24.63800048828125,1.0,0.006188458213620971,,,0
2022-02-02,25.242000579833984,-1.0,0.024219310449438723,25.242000579833984,,-1
2022-02-03,23.947999954223633,1.0,-0.05262448565582321,,23.947999954223633,1
2022-02-04,24.319000244140625,1.0,0.015373136719002586,,,0
2022-02-07,24.72800064086914,1.0,0.01667828287593675,,,0
2022-02-08,25.107999801635742,1.0,0.015250281808290304,,,0
2022-02-09,26.704999923706055,-1.0,0.06166429837997259,26.704999923706055,,-1
2022-02-10,25.823999404907227,-1.0,-0.03354654189145436,,,0
2022-02-11,23.948999404907227,1.0,-0.07537772455992682,,23.948999404907227,1
2022-02-14,24.267000198364258,1.0,0.013190866394727855,,,0
2022-02-15,26.4950008392334,1.0,0.08783865674172198,,,0
2022-02-16,26.51099967956543,-1.0,0.0006036614972372911,26.51099967956543,,-1
2022-02-17,24.506999969482422,-1.0,-0.07860093933454136,,,0
2022-02-18,23.642000198364258,-1.0,-0.035933990064063934,,,0
2022-02-22,23.389999389648438,-1.0,-0.010716245216982724,,,0
2022-02-23,22.386999130249023,1.0,-0.0438281601065079,,22.386999130249023,1
2022-02-24,23.74799919128418,1.0,0.05901788795934049,,,0
2022-02-25,24.156999588012695,1.0,0.017075893762238958,,,0
2022-02-28,24.385000228881836,-1.0,0.009394022431582036,24.385000228881836,,-1
2022-03-01,23.476999282836914,1.0,-0.03794701061229415,,23.476999282836914,1
2022-03-02,24.219999313354492,-1.0,0.03115752183869954,24.219999313354492,,-1
2022-03-03,23.714000701904297,-1.0,-0.021113089139985598,,,0
2022-03-04,22.93600082397461,-1.0,-0.03335785612859281,,,0
2022-03-07,21.351999282836914,1.0,-0.07156238599142423,,21.351999282836914,1
2022-03-08,21.513999938964844,1.0,0.007558504658224627,,,0
2022-03-09,23.013999938964844,-1.0,0.0673988405763622,23.013999938964844,,-1
2022-03-10,22.658000946044922,-1.0,-0.015589691544642346,,,0
2022-03-11,22.100000381469727,-1.0,-0.02493540641975584,,,0
2022-03-14,21.329999923706055,1.0,-0.03546309687835894,,21.329999923706055,1
2022-03-15,22.972999572753906,1.0,0.07420506580586288,,,0
2022-03-16,24.496000289916992,1.0,0.06419025603832236,,,0
2022-03-17,24.766000747680664,1.0,0.010961924232102679,,,0
2022-03-18,26.452999114990234,1.0,0.06589776498402322,,,0
2022-03-21,26.733999252319336,-1.0,0.01056659561514094,26.733999252319336,,-1
2022-03-22,26.52400016784668,-1.0,-0.007886145747146696,,,0
2022-03-23,25.634000778198242,1.0,-0.034130364169045704,,25.634000778198242,1
2022-03-24,28.149999618530273,-1.0,0.09362771536869549,28.149999618530273,,-1
2022-03-25,27.691999435424805,1.0,-0.016403798606262187,,27.691999435424805,1
2022-03-28,28.2189998626709,1.0,0.0188519626410494,,,0
2022-03-29,28.6560001373291,-1.0,0.015367345041525161,28.6560001373291,,-1
2022-03-30,27.690000534057617,-1.0,-0.03429149364079767,,,0
2022-03-31,27.285999298095703,-1.0,-0.014697632053181343,,,0
2022-04-01,26.711999893188477,1.0,-0.021260825773991267,,26.711999893188477,1
2022-04-04,27.360000610351562,-1.0,0.023969216419801598,27.360000610351562,,-1
2022-04-05,25.930999755859375,-1.0,-0.05364296030228309,,,0
2022-04-06,24.406999588012695,-1.0,-0.060569195238766166,,,0
2022-04-07,24.20800018310547,-1.0,-0.008186794911630027,,,0
2022-04-08,23.118999481201172,-1.0,-0.046028396776607264,,,0
2022-04-11,21.91699981689453,-1.0,-0.053392184788147216,,,0
2022-04-12,21.503999710083008,1.0,-0.01902363218635084,,21.503999710083008,1
2022-04-13,22.202999114990234,-1.0,0.031988424164783945,22.202999114990234,,-1
2022-04-14,21.257999420166016,1.0,-0.04349410718816693,,21.257999420166016,1
2022-04-18,21.783000946044922,1.0,0.024396624661289282,,,0
2022-04-19,22.197999954223633,-1.0,0.018872300170961195,22.197999954223633,,-1
2022-04-20,21.48200035095215,-1.0,-0.03278680115471511,,,0
2022-04-21,20.183000564575195,-1.0,-0.06237469762209826,,,0
2022-04-22,19.514999389648438,1.0,-0.033657324534233986,,19.514999389648438,1
2022-04-25,19.902000427246094,-1.0,0.019636881303909396,19.902000427246094,,-1
2022-04-26,18.788000106811523,-1.0,-0.057601876810624154,,,0
2022-04-27,18.415000915527344,1.0,-0.020052774236422845,,18.415000915527344,1
2022-04-28,19.781999588012695,-1.0,0.07160681287785751,19.781999588012695,,-1
2022-04-29,18.547000885009766,1.0,-0.06446431386698895,,18.547000885009766,1
2022-05-02,19.533000946044922,1.0,0.051797292731706746,,,0
2022-05-03,19.601999282836914,1.0,0.0035261739047734533,,,0
2022-05-04,20.333999633789062,-1.0,0.03666277858241824,20.333999633789062,,-1
2022-05-05,18.8439998626709,-1.0,-0.07609979029307418,,,0
2022-05-06,18.674999237060547,-1.0,-0.009008863384749564,,,0
2022-05-09,16.950000762939453,1.0,-0.09691781132772644,,16.950000762939453,1
2022-05-10,17.594999313354492,-1.0,0.0373468529108764,17.594999313354492,,-1
2022-05-11,16.6299991607666,-1.0,-0.056406489008703715,,,0
2022-05-12,16.174999237060547,1.0,-0.02774144952066276,,16.174999237060547,1
2022-05-13,17.70599937438965,-1.0,0.09043673663647107,17.70599937438965,,-1
2022-05-16,17.263999938964844,1.0,-0.02528012487523831,,17.263999938964844,1
2022-05-17,18.177000045776367,-1.0,0.05153365616895105,18.177000045776367,,-1
2022-05-18,16.937999725341797,-1.0,-0.07059745886542593,,,0
2022-05-19,17.124000549316406,-1.0,0.010921418077539387,,,0
2022-05-20,16.694000244140625,-1.0,-0.025431632308444627,,,0
2022-05-23,16.898000717163086,-1.0,0.01214592611836208,,,0
2022-05-24,16.15399932861328,1.0,-0.04502765871289575,,16.15399932861328,1
2022-05-25,16.975000381469727,1.0,0.049574040458738394,,,0
2022-05-26,17.85099983215332,1.0,0.050317823745563595,,,0
2022-05-27,18.81100082397461,-1.0,0.05238232925092351,18.81100082397461,,-1
2022-05-31,18.672000885009766,-1.0,-0.007416725971795631,,,0
2022-06-01,18.31999969482422,1.0,-0.01903178035397691,,18.31999969482422,1
2022-06-02,19.591999053955078,-1.0,0.06712792877464091,19.591999053955078,,-1
2022-06-03,18.719999313354492,-1.0,-0.045528836992894395,,,0
2022-06-06,18.785999298095703,-1.0,0.0035194398395004484,,,0
2022-06-07,18.926000595092773,-1.0,0.007424795320010992,,,0
2022-06-08,18.648000717163086,-1.0,-0.014797729337811252,,,0
2022-06-09,18.04800033569336,-1.0,-0.03270404627568494,,,0
2022-06-10,16.974000930786133,-1.0,-0.061352077532203286,,,0
2022-06-13,15.647000312805176,1.0,-0.08140359107217256,,15.647000312805176,1
2022-06-14,15.836000442504883,1.0,0.012006631875550943,,,0
2022-06-15,16.527000427246094,-1.0,0.042709575823234855,16.527000427246094,,-1
2022-06-16,15.60099983215332,1.0,-0.05766042900368972,,15.60099983215332,1
2022-06-17,15.880000114440918,1.0,0.01772545901919711,,,0
2022-06-21,16.56599998474121,1.0,0.04229193822938514,,,0
2022-06-22,16.360000610351562,1.0,-0.012513032772828609,,,0
2022-06-23,16.225000381469727,1.0,-0.008286082380768363,,,0
2022-06-24,17.125999450683594,-1.0,0.05404445842761781,17.125999450683594,,-1
2022-06-27,16.868999481201172,-1.0,-0.015120157305397681,,,0
2022-06-28,15.982000350952148,-1.0,-0.054014476312120425,,,0
2022-06-29,15.541999816894531,-1.0,-0.02791708590576628,,,0
2022-06-30,15.159000396728516,-1.0,-0.024951583856683644,,,0
2022-07-01,14.52299976348877,1.0,-0.04286085780865498,,14.52299976348877,1
2022-07-05,14.96399974822998,1.0,0.02991371632047214,,,0
2022-07-06,15.130000114440918,1.0,0.011032235703254317,,,0
2022-07-07,15.857999801635742,-1.0,0.04699455697731972,15.857999801635742,,-1
2022-07-08,15.838000297546387,-1.0,-0.0012619577663387604,,,0
2022-07-11,15.152000427246094,-1.0,-0.04427956993402479,,,0
2022-07-12,15.081999778747559,1.0,-0.004630599530573676,,15.081999778747559,1
2022-07-13,15.163999557495117,1.0,0.005422203362322769,,,0
2022-07-14,15.371999740600586,1.0,0.01362348735498711,,,0
2022-07-15,15.76200008392334,1.0,0.02505432942806904,,,0
2022-07-18,16.10099983215332,1.0,0.021279386182322144,,,0
2022-07-19,16.992000579833984,1.0,0.05386130774527821,,,0
2022-07-20,17.80699920654297,1.0,0.04684891467699418,,,0
2022-07-21,18.049999237060547,-1.0,0.01355404865031354,18.049999237060547,,-1
2022-07-22,17.319000244140625,-1.0,-0.041341463667176254,,,0
2022-07-25,17.02400016784668,-1.0,-0.01718005582495031,,,0
2022-07-26,16.533000946044922,1.0,-0.029265682227829794,,16.533000946044922,1
2022-07-27,17.790000915527344,1.0,0.07327811234995577,,,0
2022-07-28,17.983999252319336,1.0,0.010845878995734897,,,0
2022-07-29,18.163000106811523,1.0,0.009904131511517056,,,0
2022-08-01,18.44099998474121,1.0,0.015189882117517131,,,0
2022-08-02,18.525999069213867,1.0,0.004598654824137294,,,0
2022-08-03,18.89299964904785,1.0,0.019616363925722982,,,0
2022-08-04,19.21500015258789,-1.0,0.01689976744248522,19.21500015258789,,-1
2022-08-05,18.98900032043457,-1.0,-0.011831350939862666,,,0
2022-08-08,17.792999267578125,-1.0,-0.06505480065681238,,,0
2022-08-09,17.086000442504883,1.0,-0.040545639733105446,,17.086000442504883,1
2022-08-10,18.097000122070312,1.0,0.057486744795289514,,,0
2022-08-11,17.941999435424805,1.0,-0.008601883752988176,,,0
2022-08-12,18.708999633789062,1.0,0.04186037025881948,,,0
2022-08-15,19.031999588012695,-1.0,0.017117079424342724,19.031999588012695,,-1
2022-08-16,18.878999710083008,-1.0,-0.00807157349725242,,,0
2022-08-17,18.334999084472656,1.0,-0.029238426266347456,,18.334999084472656,1
2022-08-18,18.773000717163086,-1.0,0.023607953954089104,18.773000717163086,,-1
2022-08-19,17.849000930786133,-1.0,-0.05047216914888912,,,0
2022-08-22,17.034000396728516,1.0,-0.04673616638589266,,17.034000396728516,1
2022-08-23,17.180999755859375,1.0,0.008592737860630896,,,0
2022-08-24,17.222000122070312,1.0,0.00238353549210802,,,0
2022-08-25,17.913000106811523,-1.0,0.03933906883374023,17.913000106811523,,-1
2022-08-26,16.260000228881836,-1.0,-0.09681859399972066,,,0
2022-08-29,15.800999641418457,-1.0,-0.02863491172027444,,,0
2022-08-30,15.468000411987305,-1.0,-0.021299806095899248,,,0
2022-08-31,15.093999862670898,-1.0,-0.02447609561544546,,,0
2022-09-01,13.937000274658203,-1.0,-0.07975011091992147,,,0
2022-09-02,13.647000312805176,-1.0,-0.021027453667353303,,,0
2022-09-06,13.46500015258789,1.0,-0.013426002581395535,,13.46500015258789,1
2022-09-07,13.71399974822998,1.0,0.018323452907810945,,,0
2022-09-08,13.989999771118164,1.0,0.019925581813441662,,,0
2022-09-09,14.38700008392334,1.0,0.027982254571170803,,,0
2022-09-12,14.505000114440918,-1.0,0.00816839857495185,14.505000114440918,,-1
2022-09-13,13.130999565124512,-1.0,-0.09951761170448718,,,0
2022-09-14,13.128000259399414,-1.0,-0.00022844021159857455,,,0
2022-09-15,12.928999900817871,1.0,-0.015274530945913444,,12.928999900817871,1
2022-09-16,13.197999954223633,1.0,0.02059245689167319,,,0
2022-09-19,13.381999969482422,-1.0,0.013845218587332933,13.381999969482422,,-1
2022-09-20,13.175999641418457,-1.0,-0.015513552419541577,,,0
2022-09-21,13.26099967956543,-1.0,0.006430406871191835,,,0
2022-09-22,12.560999870300293,-1.0,-0.05423060715225266,,,0
2022-09-23,12.515999794006348,-1.0,-0.0035889560313180336,,,0
2022-09-26,12.227999687194824,1.0,-0.02327943090068035,,12.227999687194824,1
2022-09-27,12.413000106811523,1.0,0.015015940691092208,,,0
2022-09-28,12.736000061035156,-1.0,0.025688314755738264,12.736000061035156,,-1
2022-09-29,12.220000267028809,-1.0,-0.04135865829912679,,,0
2022-09-30,12.138999938964844,1.0,-0.006650570707588858,,12.138999938964844,1
2022-10-03,12.51200008392334,1.0,0.030264785622738422,,,0
2022-10-04,13.166999816894531,1.0,0.051025494957430834,,,0
2022-10-05,13.208999633789062,-1.0,0.003184702249562057,13.208999633789062,,-1
2022-10-06,13.130000114440918,-1.0,-0.00599869068668381,,,0
2022-10-07,12.076000213623047,-1.0,-0.08367966749621555,,,0
2022-10-10,11.670000076293945,-1.0,-0.03419857669839911,,,0
2022-10-11,11.586000442504883,-1.0,-0.0072239419685783055,,,0
2022-10-12,11.5,1.0,-0.007450475498295036,,11.5,1
2022-10-13,11.960000038146973,-1.0,0.0392207163428276,11.960000038146973,,-1
2022-10-14,11.22700023651123,1.0,-0.06324613916910035,,11.22700023651123,1
2022-10-17,11.887999534606934,1.0,0.05720783628433285,,,0
2022-10-18,11.967000007629395,1.0,0.006623413401650943,,,0
2022-10-19,12.050999641418457,1.0,0.0069947520610040585,,,0
2022-10-20,12.194000244140625,1.0,0.01179643321707801,,,0
2022-10-21,12.465999603271484,1.0,0.022060859054816175,,,0
2022-10-24,12.598999977111816,1.0,0.010612537350012502,,,0
2022-10-25,13.26099967956543,1.0,0.05120992861995497,,,0
2022-10-26,12.895999908447266,1.0,-0.027910193866820997,,,0
2022-10-27,13.175999641418457,1.0,0.021479786995629094,,,0
2022-10-28,13.833999633789062,-1.0,0.04873233804599947,13.833999633789062,,-1
2022-10-31,13.496999740600586,-1.0,-0.024661884398486173,,,0
2022-11-01,13.543000221252441,-1.0,0.003402405702165034,,,0
2022-11-02,13.218999862670898,1.0,-0.02421464680177117,,13.218999862670898,1
2022-11-03,13.420999526977539,1.0,0.015165430962223005,,,0
2022-11-04,14.156000137329102,1.0,0.05331796301362092,,,0
2022-11-07,14.300999641418457,1.0,0.010190867632578806,,,0
2022-11-08,14.60200023651123,-1.0,0.020829082014155315,14.60200023651123,,-1
2022-11-09,13.776000022888184,1.0,-0.05823057248424598,,13.776000022888184,1
2022-11-10,15.75,1.0,0.1339124159248136,,,0
2022-11-11,16.32699966430664,1.0,0.035979793311757956,,,0
2022-11-14,16.295000076293945,1.0,-0.001961841611828828,,,0
2022-11-15,16.666000366210938,-1.0,0.02251242096197872,16.666000366210938,,-1
2022-11-16,15.90999984741211,-1.0,-0.04642290517454537,,,0
2022-11-17,15.677000045776367,-1.0,-0.014753159752640835,,,0
2022-11-18,15.409000396728516,-1.0,-0.017242892960102625,,,0
2022-11-21,15.317000389099121,1.0,-0.005988431960755132,,15.317000389099121,1
2022-11-22,16.038000106811523,1.0,0.04599756495923385,,,0
2022-11-23,16.518999099731445,-1.0,0.029550266029288137,16.518999099731445,,-1
2022-11-25,16.270000457763672,-1.0,-0.015188229707637965,,,0
2022-11-28,15.82699966430664,-1.0,-0.027605628225413997,,,0
2022-11-29,15.638999938964844,1.0,-0.011949530589650571,,15.638999938964844,1
2022-11-30,16.92300033569336,1.0,0.07890587271113907,,,0
2022-12-01,17.135000228881836,-1.0,0.012449505421670124,17.135000228881836,,-1
2022-12-02,16.875999450683594,-1.0,-0.015230706972197465,,,0
2022-12-05,16.610000610351562,-1.0,-0.01588750134070421,,,0
2022-12-06,15.987000465393066,1.0,-0.03822903927775948,,15.987000465393066,1
2022-12-07,16.1200008392334,1.0,0.008284868046632508,,,0
2022-12-08,17.16900062561035,1.0,0.06304467939333674,,,0
2022-12-09,17.000999450683594,1.0,-0.009833334988680734,,,0
2022-12-12,17.53499984741211,1.0,0.030926741345474917,,,0
2022-12-13,18.07200050354004,-1.0,0.03016493213845918,18.07200050354004,,-1
2022-12-14,17.673999786376953,-1.0,-0.02226918601973721,,,0
2022-12-15,16.95199966430664,-1.0,-0.04170881984554284,,,0
2022-12-16,16.570999145507812,-1.0,-0.02273167308127824,,,0
2022-12-19,16.253999710083008,-1.0,-0.0193151135877803,,,0
2022-12-20,16.084999084472656,1.0,-0.010451910721451374,,16.084999084472656,1
2022-12-21,16.500999450683594,-1.0,0.025533848067875117,16.500999450683594,,-1
2022-12-22,15.33899974822998,-1.0,-0.07302236348852766,,,0
2022-12-23,15.206000328063965,-1.0,-0.00870847997136983,,,0
2022-12-27,14.121000289916992,-1.0,-0.07402703676285842,,,0
2022-12-28,14.03600025177002,1.0,-0.006037595959609087,,14.03600025177002,1
2022-12-29,14.602999687194824,1.0,0.03960148997930725,,,0
2022-12-30,14.61400032043457,1.0,0.0007530296578501241,,,0
2023-01-03,14.3149995803833,1.0,-0.020672086058572937,,,0
2023-01-04,14.74899959564209,-1.0,0.02986734722440986,14.74899959564209,,-1
2023-01-05,14.265000343322754,1.0,-0.033366247728456984,,14.265000343322754,1
2023-01-06,14.859000205993652,1.0,0.04079674740448115,,,0
2023-01-09,15.628000259399414,1.0,0.050458437653764884,,,0
2023-01-10,15.909000396728516,1.0,0.017820817969266232,,,0
2023-01-11,16.000999450683594,1.0,0.005766174196141473,,,0
2023-01-12,16.51099967956543,1.0,0.031375620085749165,,,0
2023-01-13,16.89900016784668,1.0,0.02322765247067393,,,0
2023-01-17,17.70199966430664,-1.0,0.04642315007007071,17.70199966430664,,-1
2023-01-18,17.37700080871582,-1.0,-0.018530069303546705,,,0
2023-01-19,16.764999389648438,1.0,-0.03585419576766004,,16.764999389648438,1
2023-01-20,17.839000701904297,1.0,0.06209376760385198,,,0
2023-01-23,19.19300079345703,1.0,0.07315855944895293,,,0
2023-01-24,19.264999389648438,1.0,0.0037442758315334493,,,0
2023-01-25,19.322999954223633,1.0,0.0030061474676211053,,,0
2023-01-26,19.802000045776367,1.0,0.024486851148173124,,,0
2023-01-27,20.364999771118164,-1.0,0.0280347848493683,20.364999771118164,,-1
2023-01-30,19.16200065612793,1.0,-0.06088854439161597,,19.16200065612793,1
2023-01-31,19.53700065612793,1.0,0.019380951723581338,,,0
2023-02-01,20.94300079345703,1.0,0.06949436234951549,,,0
2023-02-02,21.708999633789062,-1.0,0.03592240469465814,21.708999633789062,,-1
2023-02-03,21.100000381469727,-1.0,-0.028453845676379867,,,0
2023-02-06,21.089000701904297,1.0,-0.0005214477485699791,,21.089000701904297,1
2023-02-07,22.17300033569336,1.0,0.05012373679801028,,,0
2023-02-08,22.204999923706055,1.0,0.0014421376975802666,,,0
2023-02-09,22.336999893188477,-1.0,0.0059270062614239965,22.336999893188477,,-1
2023-02-10,21.264999389648438,1.0,-0.04918199156616901,,21.264999389648438,1
2023-02-13,21.788000106811523,1.0,0.024296864420307342,,,0
2023-02-14,22.97100067138672,-1.0,0.052873215602937104,22.97100067138672,,-1
2023-02-15,22.763999938964844,-1.0,-0.00905224196701129,,,0
2023-02-16,22.00200080871582,-1.0,-0.03404694298595168,,,0
2023-02-17,21.38800048828125,-1.0,-0.02830335515754444,,,0
2023-02-21,20.655000686645508,1.0,-0.034872585823890904,,20.655000686645508,1
2023-02-22,20.753999710083008,1.0,0.0047815311215996656,,,0
2023-02-23,23.663999557495117,-1.0,0.13121590205507125,23.663999557495117,,-1
2023-02-24,23.285999298095703,-1.0,-0.01610259579688308,,,0
2023-02-27,23.500999450683594,-1.0,0.009190658590005145,,,0
2023-02-28,23.215999603271484,-1.0,-0.012201271008819365,,,0
2023-03-01,22.697999954223633,1.0,-0.02256486619106063,,22.697999954223633,1
2023-03-02,23.31399917602539,1.0,0.02677719029296915,,,0
2023-03-03,23.889999389648438,-1.0,0.02440593263414706,23.889999389648438,,-1
2023-03-06,23.554000854492188,-1.0,-0.01416424209194232,,,0
2023-03-07,23.288000106811523,1.0,-0.011357482667493755,,23.288000106811523,1
2023-03-08,24.180999755859375,-1.0,0.037628979698207374,24.180999755859375,,-1
2023-03-09,23.43600082397461,-1.0,-0.03129385388703557,,,0
2023-03-10,22.96500015258789,1.0,-0.020302012418917815,,22.96500015258789,1
2023-03-13,22.965999603271484,1.0,4.3519657271245976e-05,,,0
2023-03-14,24.062999725341797,1.0,0.04666053555937232,,,0
2023-03-15,24.22800064086914,1.0,0.006833635931523843,,,0
2023-03-16,25.541000366210938,1.0,0.05277600287356863,,,0
2023-03-17,25.725000381469727,1.0,0.007178278105008585,,,0
2023-03-20,25.899999618530273,1.0,0.006779657428062751,,,0
2023-03-21,26.198999404907227,1.0,0.011478265408442512,,,0
2023-03-22,26.468000411987305,1.0,0.010215252329925942,,,0
2023-03-23,27.19099998474121,-1.0,0.026949563918896007,27.19099998474121,,-1
2023-03-24,26.77899932861328,-1.0,-0.015268062439239333,,,0
2023-03-27,26.5310001373291,-1.0,-0.009304107401968255,,,0
2023-03-28,26.40999984741211,1.0,-0.004571145261603305,,26.40999984741211,1
2023-03-29,26.983999252319336,1.0,0.021501349519667663,,,0
2023-03-30,27.382999420166016,1.0,0.014678291660528416,,,0
2023-03-31,27.777000427246094,1.0,0.01428599380372868,,,0
2023-04-03,27.96500015258789,-1.0,0.0067453782146296125,27.96500015258789,,-1
2023-04-04,27.452999114990234,-1.0,-0.01847831436585871,,,0
2023-04-05,26.881000518798828,1.0,-0.021055682720337355,,26.881000518798828,1
2023-04-06,27.03700065612793,1.0,0.005786585898190875,,,0
2023-04-10,27.57900047302246,-1.0,0.019848308159338104,27.57900047302246,,-1
2023-04-11,27.16900062561035,-1.0,-0.014977990213686784,,,0
2023-04-12,26.4950008392334,-1.0,-0.02512057286769924,,,0
2023-04-13,26.46299934387207,1.0,-0.0012085614693096958,,26.46299934387207,1
2023-04-14,26.757999420166016,1.0,0.011085966231294568,,,0
2023-04-17,27.00200080871582,1.0,0.009077494903402036,,,0
2023-04-18,27.66699981689453,1.0,0.024329393345217082,,,0
2023-04-19,27.930999755859375,-1.0,0.009496813740008872,27.930999755859375,,-1
2023-04-20,27.104000091552734,-1.0,-0.03005585252302415,,,0
2023-04-21,27.118999481201172,-1.0,0.0005532482580901556,,,0
2023-04-24,27.04199981689453,-1.0,-0.002843363940150084,,,0
2023-04-25,26.240999221801758,1.0,-0.03006816271540295,,26.240999221801758,1
2023-04-26,26.95599937438965,1.0,0.026882840425383036,,,0
2023-04-27,27.22599983215332,1.0,0.009966509049945354,,,0
2023-04-28,27.749000549316406,1.0,0.01902743037765254,,,0
2023-05-01,28.90999984741211,-1.0,0.040987727447230254,28.90999984741211,,-1
2023-05-02,28.209999084472656,-1.0,-0.024511058190318888,,,0
2023-05-03,27.802000045776367,-1.0,-0.014568530358489911,,,0
2023-05-04,27.562000274658203,1.0,-0.00866993978335705,,27.562000274658203,1
2023-05-05,28.68000030517578,1.0,0.03976200395407992,,,0
2023-05-08,29.150999069213867,-1.0,0.016289159223455574,29.150999069213867,,-1
2023-05-09,28.570999145507812,-1.0,-0.02009699812304626,,,0
2023-05-10,28.885000228881836,-1.0,0.010930249684581755,,,0
2023-05-11,28.577999114990234,-1.0,-0.010685277078569578,,,0
2023-05-12,28.34000015258789,1.0,-0.008362920431836323,,28.34000015258789,1
2023-05-15,28.952999114990234,1.0,0.021399555379267746,,,0
2023-05-16,29.21299934387207,1.0,0.008939998193007434,,,0
2023-05-17,30.17799949645996,1.0,0.03249937218679542,,,0
2023-05-18,31.67799949645996,-1.0,0.048509252338859936,31.67799949645996,,-1
2023-05-19,31.263999938964844,-1.0,-0.013155143836531118,,,0
2023-05-22,31.176000595092773,-1.0,-0.002818686783544427,,,0
2023-05-23,30.687999725341797,-1.0,-0.01577689737356947,,,0
2023-05-24,30.538000106811523,1.0,-0.0048998764920286444,,30.538000106811523,1
2023-05-25,37.97999954223633,1.0,0.21808788007240454,,,0
2023-05-26,38.94599914550781,1.0,0.02511635600756745,,,0
2023-05-30,40.111000061035156,-1.0,0.029474563092427592,40.111000061035156,,-1
2023-05-31,37.83399963378906,1.0,-0.05844245286732084,,37.83399963378906,1
2023-06-01,39.77000045776367,-1.0,0.04990471116581726,39.77000045776367,,-1
2023-06-02,39.32699966430664,-1.0,-0.011201573382044588,,,0
2023-06-05,39.17100143432617,-1.0,-0.003974583636777458,,,0
2023-06-06,38.65399932861328,-1.0,-0.013286468516916745,,,0
2023-06-07,37.474998474121094,1.0,-0.030976241922724787,,37.474998474121094,1
2023-06-08,38.5099983215332,1.0,0.02724390097018558,,,0
2023-06-09,38.77000045776367,1.0,0.006728859248402525,,,0
2023-06-12,39.481998443603516,1.0,0.01819806893306924,,,0
2023-06-13,41.02199935913086,1.0,0.03826366011407102,,,0
2023-06-14,42.99700164794922,1.0,0.04702189160777442,,,0
2023-06-15,42.65299987792969,1.0,-0.008032775566352863,,,0
2023-06-16,42.69200134277344,1.0,0.000913971925733769,,,0
2023-06-20,43.80799865722656,-1.0,0.025804837950413072,43.80799865722656,,-1
2023-06-21,43.04499816894531,-1.0,-0.017570380882942,,,0
2023-06-22,43.025001525878906,-1.0,-0.00046466000922731497,,,0
2023-06-23,42.20899963378906,-1.0,-0.01914791779337092,,,0
2023-06-26,40.63199996948242,1.0,-0.03807752702129708,,40.63199996948242,1
2023-06-27,41.875999450683594,-1.0,0.03015692459154656,41.875999450683594,,-1
2023-06-28,41.117000579833984,-1.0,-0.018291181950407957,,,0
2023-06-29,40.821998596191406,1.0,-0.0072005580056903225,,40.821998596191406,1
2023-06-30,42.301998138427734,1.0,0.03561320486834228,,,0
2023-07-03,42.41299819946289,1.0,0.0026205543140207714,,,0
2023-07-05,42.31700134277344,1.0,-0.0022659482658541914,,,0
2023-07-06,42.10300064086914,1.0,-0.0050699160214645565,,,0
2023-07-07,42.50299835205078,1.0,0.009455610623529509,,,0
2023-07-10,42.18000030517578,1.0,-0.007628440616182319,,,0
2023-07-11,42.404998779296875,1.0,0.0053200687411785255,,,0
2023-07-12,43.902000427246094,1.0,0.03469363583487228,,,0
2023-07-13,45.97700119018555,-1.0,0.046181410472192666,45.97700119018555,,-1
2023-07-14,45.46900177001953,1.0,-0.011110483333366917,,45.46900177001953,1
2023-07-17,46.46099853515625,1.0,0.02158240547309955,,,0
2023-07-18,47.49399948120117,-1.0,0.021990156875462966,47.49399948120117,,-1
2023-07-19,47.07699966430664,-1.0,-0.008818824443497382,,,0
2023-07-20,45.52000045776367,-1.0,-0.03363275203125776,,,0
2023-07-21,44.308998107910156,1.0,-0.026964025888835234,,44.308998107910156,1
2023-07-24,44.61199951171875,1.0,0.006815096201665362,,,0
2023-07-25,45.67900085449219,1.0,0.02363582220880059,,,0
2023-07-26,45.45199966430664,1.0,-0.004981875725930595,,,0
2023-07-27,45.900001525878906,1.0,0.009808333639952883,,,0
2023-07-28,46.75,-1.0,0.01834910542464786,46.75,,-1
2023-07-31,46.729000091552734,-1.0,-0.00044929682131738,,,0
2023-08-01,46.50699996948242,-1.0,-0.004762120671505233,,,0
2023-08-02,44.26900100708008,1.0,-0.04931815766434011,,44.26900100708008,1
2023-08-03,44.51499938964844,1.0,0.005541516736957435,,,0
2023-08-04,44.68000030517578,1.0,0.003699783716763982,,,0
2023-08-07,45.41699981689453,-1.0,0.016360499234946396,45.41699981689453,,-1
2023-08-08,44.66400146484375,-1.0,-0.016718639461174828,,,0
2023-08-09,42.55400085449219,-1.0,-0.048393963073315394,,,0
2023-08-10,42.38800048828125,-1.0,-0.003908562899793833,,,0
2023-08-11,40.85499954223633,1.0,-0.036836113199839815,,40.85499954223633,1
2023-08-14,43.75299835205078,1.0,0.0685309425843762,,,0
2023-08-15,43.939998626708984,-1.0,0.004264891486232087,43.939998626708984,,-1
2023-08-16,43.486000061035156,-1.0,-0.010385987086259629,,,0
2023-08-17,43.34400177001953,-1.0,-0.003270722437134807,,,0
2023-08-18,43.29899978637695,1.0,-0.0010387910594265033,,43.29899978637695,1
2023-08-21,46.96699905395508,-1.0,0.08131567218079633,46.96699905395508,,-1
2023-08-22,45.667999267578125,1.0,-0.028047389524547117,,45.667999267578125,1
2023-08-23,47.11600112915039,1.0,0.03121485228575207,,,0
2023-08-24,47.16299819946289,-1.0,0.0009969786387206384,47.16299819946289,,-1
2023-08-25,46.018001556396484,1.0,-0.02457699058177426,,46.018001556396484,1
2023-08-28,46.834999084472656,1.0,0.017598108994350624,,,0
2023-08-29,48.784000396728516,1.0,0.04077163126508516,,,0
2023-08-30,49.263999938964844,1.0,0.009791191564956345,,,0
2023-08-31,49.35499954223633,-1.0,0.0018454786517271677,49.35499954223633,,-1
2023-09-01,48.50899887084961,-1.0,-0.01728974413374466,,,0
2023-09-05,48.54800033569336,-1.0,0.0008036816975975859,,,0
2023-09-06,47.06100082397461,-1.0,-0.031108356107920766,,,0
2023-09-07,46.24100112915039,-1.0,-0.017577775204194554,,,0
2023-09-08,45.571998596191406,-1.0,-0.014573412814991091,,,0
2023-09-11,45.178001403808594,-1.0,-0.00868318827375869,,,0
2023-09-12,44.869998931884766,1.0,-0.006840877574690574,,44.869998931884766,1
2023-09-13,45.48500061035156,1.0,0.013613218509540427,,,0
2023-09-14,45.58100128173828,-1.0,0.0021083764512410575,45.58100128173828,,-1
2023-09-15,43.900001525878906,-1.0,-0.03757663630482319,,,0
2023-09-18,43.965999603271484,-1.0,0.0015022440752087203,,,0
2023-09-19,43.52000045776367,-1.0,-0.010195985848241475,,,0
2023-09-20,42.23899841308594,-1.0,-0.029876685760689765,,,0
2023-09-21,41.016998291015625,1.0,-0.029357354057069164,,41.016998291015625,1
2023-09-22,41.61000061035156,1.0,0.014353964414841379,,,0
2023-09-25,42.22200012207031,1.0,0.014600877440384734,,,0
2023-09-26,41.9109992980957,1.0,-0.0073931095450158624,,,0
2023-09-27,42.46799850463867,1.0,0.013202510381236097,,,0
2023-09-28,43.0890007019043,1.0,0.014516944467593747,,,0
2023-09-29,43.499000549316406,1.0,0.009470201545469807,,,0
2023-10-02,44.78200149536133,-1.0,0.029068344408258614,44.78200149536133,,-1
2023-10-03,43.516998291015625,1.0,-0.028654679284701536,,43.516998291015625,1
2023-10-04,44.04100036621094,1.0,0.011969399465788955,,,0
2023-10-05,44.6879997253418,1.0,0.014583976514441072,,,0
2023-10-06,45.762001037597656,-1.0,0.02374907202724712,45.762001037597656,,-1
2023-10-09,45.27299880981445,1.0,-0.010743273068497039,,45.27299880981445,1
2023-10-10,45.79800033569336,1.0,0.011529627358815587,,,0
2023-10-11,46.805999755859375,1.0,0.02177096524396214,,,0
2023-10-12,46.94499969482422,-1.0,0.002965302591582023,46.94499969482422,,-1
2023-10-13,45.46099853515625,1.0,-0.03212191388901376,,45.46099853515625,1
2023-10-16,46.095001220703125,-1.0,0.013849727412101918,46.095001220703125,,-1
2023-10-17,43.9379997253418,-1.0,-0.04792496767694244,,,0
2023-10-18,42.19599914550781,-1.0,-0.04045413348693489,,,0
2023-10-19,42.10100173950195,-1.0,-0.0022538748762990835,,,0
2023-10-20,41.387001037597656,1.0,-0.017104687764020087,,41.387001037597656,1
2023-10-23,42.974998474121094,1.0,0.03765166883401985,,,0
2023-10-24,43.66299819946289,-1.0,0.015882504541909113,43.66299819946289,,-1
2023-10-25,41.77899932861328,-1.0,-0.044107215429683475,,,0
2023-10-26,40.32600021362305,1.0,-0.03539737736165263,,40.32600021362305,1
2023-10-27,40.5,1.0,0.004305546599207338,,,0
2023-10-30,41.1609992980957,-1.0,0.016189214938030556,41.1609992980957,,-1
2023-10-31,40.779998779296875,1.0,-0.009299453838083095,,40.779998779296875,1
2023-11-01,42.32500076293945,1.0,0.037186210832498144,,,0
2023-11-02,43.50600051879883,1.0,0.02752092549733669,,,0
2023-11-03,45.005001068115234,1.0,0.03387474690002963,,,0
2023-11-06,45.750999450683594,1.0,0.016440018957187604,,,0
2023-11-07,45.95500183105469,1.0,0.004449059255094004,,,0
2023-11-08,46.57400131225586,1.0,0.013379777032173818,,,0
2023-11-09,46.95000076293945,1.0,0.008040748217552423,,,0
2023-11-10,48.334999084472656,1.0,0.029072695070963262,,,0
2023-11-13,48.619998931884766,1.0,0.0058790299440612745,,,0
2023-11-14,49.65599822998047,-1.0,0.02108424654638049,49.65599822998047,,-1
2023-11-15,48.88800048828125,1.0,-0.015587215885351394,,48.88800048828125,1
2023-11-16,49.47999954223633,1.0,0.012036560692431319,,,0
2023-11-17,49.29800033569336,1.0,-0.0036850191889016117,,,0
2023-11-20,50.409000396728516,-1.0,0.022286219350210152,50.409000396728516,,-1
2023-11-21,49.944000244140625,-1.0,-0.00926735578637639,,,0
2023-11-22,48.715999603271484,-1.0,-0.02489487256656686,,,0
2023-11-24,47.7760009765625,1.0,-0.019484068283943036,,47.7760009765625,1
2023-11-27,48.242000579833984,-1.0,0.009706581151388642,48.242000579833984,,-1
2023-11-28,47.82099914550781,-1.0,-0.008765167253228701,,,0
2023-11-29,48.13999938964844,-1.0,0.006648563980867315,,,0
2023-11-30,46.77000045776367,-1.0,-0.028871438150903872,,,0
2023-12-01,46.76499938964844,-1.0,-0.00010693469029045707,,,0
2023-12-04,45.5099983215332,1.0,-0.027203001687777888,,45.5099983215332,1
2023-12-05,46.566001892089844,-1.0,0.022938656585212863,46.566001892089844,,-1
2023-12-06,45.50299835205078,1.0,-0.023092480099481356,,45.50299835205078,1
2023-12-07,46.59600067138672,1.0,0.023736493313200595,,,0
2023-12-08,47.50600051879883,-1.0,0.01934131482739504,47.50600051879883,,-1
2023-12-11,46.62699890136719,1.0,-0.018676280849406868,,46.62699890136719,1
2023-12-12,47.65700149536133,1.0,0.02184980627625059,,,0
2023-12-13,48.0880012512207,1.0,0.009003136555809737,,,0
2023-12-14,48.349998474121094,1.0,0.005433498584020609,,,0
2023-12-15,48.88999938964844,1.0,0.011106673766097183,,,0
2023-12-18,50.07699966430664,-1.0,0.02398895003424525,50.07699966430664,,-1
2023-12-19,49.604000091552734,-1.0,-0.009490336654420877,,,0
2023-12-20,48.111000061035156,1.0,-0.03056063502278477,,48.111000061035156,1
2023-12-21,48.9900016784668,1.0,0.018105387448486,,,0
2023-12-22,48.83000183105469,1.0,-0.003271314339771117,,,0
2023-12-26,49.27899932861328,1.0,0.00915309761525891,,,0
2023-12-27,49.41699981689453,1.0,0.002796477656837999,,,0
2023-12-28,49.52199935913086,-1.0,0.002122511497586038,49.52199935913086,,-1
2023-12-29,49.52199935913086,-1.0,0.0,,,0
2024-01-02,48.167999267578125,-1.0,-0.02772211738523425,,,0
2024-01-03,47.569000244140625,1.0,-0.01251359125329964,,47.569000244140625,1
2024-01-04,47.99800109863281,1.0,0.008978072559004251,,,0
2024-01-05,49.09700012207031,1.0,0.022638569361499685,,,0
2024-01-08,52.25299835205078,1.0,0.062299338302943125,,,0
2024-01-09,53.13999938964844,1.0,0.016832654919215293,,,0
2024-01-10,54.349998474121094,1.0,0.022514656646229366,,,0
2024-01-11,54.821998596191406,1.0,0.008646962145703948,,,0
2024-01-12,54.709999084472656,1.0,-0.002045056296325205,,,0
2024-01-16,56.38199996948242,1.0,0.0301034667461705,,,0
2024-01-17,56.053001403808594,1.0,-0.005852261317973168,,,0
2024-01-18,57.106998443603516,1.0,0.018628977068358372,,,0
2024-01-19,59.49100112915039,1.0,0.04089838574844336,,,0
2024-01-22,59.65399932861328,1.0,0.002736133291805929,,,0
2024-01-23,59.87300109863281,1.0,0.0036644777214667607,,,0
2024-01-24,61.36199951171875,1.0,0.02456507249472283,,,0
2024-01-25,61.617000579833984,-1.0,0.004147072807371126,61.617000579833984,,-1
2024-01-26,61.03099822998047,1.0,-0.009555913097487179,,61.03099822998047,1
2024-01-29,62.46500015258789,1.0,0.02322449952214017,,,0
2024-01-30,62.77399826049805,-1.0,0.004934544971247978,62.77399826049805,,-1
2024-01-31,61.527000427246094,1.0,-0.020064837494067053,,61.527000427246094,1
2024-02-01,63.027000427246094,1.0,0.02408710298463108,,,0
2024-02-02,66.16000366210938,1.0,0.04851289327937362,,,0
2024-02-05,69.33200073242188,-1.0,0.04683046457529147,69.33200073242188,,-1
2024-02-06,68.2229995727539,1.0,-0.016124825508135644,,68.2229995727539,1
2024-02-07,70.0989990234375,-1.0,0.027126769537459464,70.0989990234375,,-1
2024-02-08,69.64099884033203,1.0,-0.006555056964094697,,69.64099884033203,1
2024-02-09,72.13300323486328,1.0,0.035158224358993066,,,0
2024-02-12,72.24800109863281,1.0,0.0015929780876426975,,,0
2024-02-13,72.12799835205078,1.0,-0.0016623645851637605,,,0
2024-02-14,73.9000015258789,-1.0,0.02427055303229851,73.9000015258789,,-1
2024-02-15,72.65799713134766,-1.0,-0.016949387130448385,,,0
2024-02-16,72.61299896240234,-1.0,-0.0006195065993135117,,,0
2024-02-20,69.4520034790039,-1.0,-0.044508038298185434,,,0
2024-02-21,67.47200012207031,1.0,-0.0289232177606927,,67.47200012207031,1
2024-02-22,78.53800201416016,1.0,0.1518699109265574,,,0
2024-02-23,78.81700134277344,1.0,0.0035461169334047426,,,0
2024-02-26,79.09200286865234,-1.0,0.0034830414550332664,79.09200286865234,,-1
2024-02-27,78.70099639892578,-1.0,-0.004955952061861661,,,0
2024-02-28,77.66300201416016,1.0,-0.013276836649200572,,77.66300201416016,1
2024-02-29,79.11199951171875,1.0,0.018485584378327598,,,0
2024-03-01,82.27899932861328,1.0,0.039251339133577215,,,0
2024-03-04,85.23699951171875,1.0,0.03531970320906055,,,0
2024-03-05,85.96399688720703,1.0,0.00849296161423167,,,0
2024-03-06,88.69999694824219,1.0,0.03133128715761227,,,0
2024-03-07,92.66899871826172,-1.0,0.04377413582012889,92.66899871826172,,-1
2024-03-08,87.52799987792969,-1.0,-0.057075249950429556,,,0
2024-03-11,85.77400207519531,1.0,-0.020242786318162672,,85.77400207519531,1
2024-03-12,91.91300201416016,-1.0,0.0691265449161092,91.91300201416016,,-1
2024-03-13,90.88800048828125,-1.0,-0.011214514737848697,,,0
2024-03-14,87.94400024414062,-1.0,-0.032927733587288954,,,0
2024-03-15,87.83699798583984,1.0,-0.001217449810783349,,87.83699798583984,1
2024-03-18,88.45500183105469,1.0,0.0070111675791149864,,,0
2024-03-19,89.39800262451172,1.0,0.010604371101197134,,,0
2024-03-20,90.37200164794922,1.0,0.010836163220206535,,,0
2024-03-21,91.43499755859375,1.0,0.01169380748320277,,,0
2024-03-22,94.28900146484375,1.0,0.03073623875289961,,,0
2024-03-25,95.00199890136719,-1.0,0.007533383067711583,95.00199890136719,,-1
2024-03-26,92.56099700927734,-1.0,-0.026030078127034312,,,0
2024-03-27,90.25,-1.0,-0.025284257106179105,,,0
2024-03-28,90.35600280761719,-1.0,0.0011738571048740798,,,0
2024-04-01,90.36299896240234,-1.0,7.742577947127026e-05,,,0
2024-04-02,89.4520034790039,-1.0,-0.010132672640455136,,,0
2024-04-03,88.96399688720703,-1.0,-0.005470448926038467,,,0
2024-04-04,85.90499877929688,1.0,-0.03498973822683124,,85.90499877929688,1
2024-04-05,88.00800323486328,-1.0,0.02418573588959165,88.00800323486328,,-1
2024-04-08,87.13300323486328,-1.0,-0.009992032108032756,,,0
2024-04-09,85.35399627685547,1.0,-0.02062845371681188,,85.35399627685547,1
2024-04-10,87.03900146484375,1.0,0.019549040532027787,,,0
2024-04-11,90.61599731445312,-1.0,0.04027445736106259,90.61599731445312,,-1
2024-04-12,88.18599700927734,-1.0,-0.027182581920601363,,,0
2024-04-15,86.0009994506836,1.0,-0.025089268635691688,,86.0009994506836,1
2024-04-16,87.41500091552734,-1.0,0.01630798541740089,87.41500091552734,,-1
2024-04-17,84.03500366210938,1.0,-0.039433480816044454,,84.03500366210938,1
2024-04-18,84.6709976196289,-1.0,0.007539707722989095,84.6709976196289,,-1
2024-04-19,76.19999694824219,1.0,-0.10541170738661579,,76.19999694824219,1
2024-04-22,79.51799774169922,1.0,0.04262196008344253,,,0
2024-04-23,82.4229965209961,-1.0,0.03588109924467649,82.4229965209961,,-1
2024-04-24,79.677001953125,1.0,-0.033883495493238776,,79.677001953125,1
2024-04-25,82.63200378417969,1.0,0.03641607402173808,,,0
2024-04-26,87.73500061035156,1.0,0.059923854019958256,,,0
2024-04-29,87.75700378417969,-1.0,0.00025075984537682787,87.75700378417969,,-1
2024-04-30,86.4020004272461,-1.0,-0.015560845730130867,,,0
2024-05-01,83.04100036621094,1.0,-0.03967636249082618,,83.04100036621094,1
2024-05-02,85.81700134277344,1.0,0.03288267156852448,,,0
2024-05-03,88.78900146484375,1.0,0.03404564723647476,,,0
2024-05-06,92.13999938964844,-1.0,0.037046367934314844,92.13999938964844,,-1
2024-05-07,90.55400085449219,-1.0,-0.017362785604332076,,,0
2024-05-08,90.41200256347656,-1.0,-0.0015693369746433206,,,0
2024-05-09,88.74700164794922,1.0,-0.018587386768254555,,88.74700164794922,1
2024-05-10,89.87799835205078,1.0,0.012663533306373933,,,0
2024-05-13,90.39900207519531,1.0,0.005780051503259398,,,0
2024-05-14,91.35600280761719,1.0,0.010530764498784111,,,0
2024-05-15,94.62999725341797,-1.0,0.03521052865092608,94.62999725341797,,-1
2024-05-16,94.35900115966797,-1.0,-0.002867852433328788,,,0
2024-05-17,92.47899627685547,1.0,-0.020125117604915768,,92.47899627685547,1
2024-05-20,94.77999877929688,1.0,0.024576852202645855,,,0
2024-05-21,95.38600158691406,-1.0,0.006373430137870883,95.38600158691406,,-1
2024-05-22,94.94999694824219,1.0,-0.004581428680368975,,94.94999694824219,1
2024-05-23,103.79900360107422,1.0,0.08910596634916554,,,0
2024-05-24,106.46900177001953,1.0,0.025397508123285527,,,0
2024-05-28,113.9010009765625,1.0,0.06747577902957184,,,0
2024-05-29,114.82499694824219,-1.0,0.00807954501475379,114.82499694824219,,-1
2024-05-30,110.5,-1.0,-0.03839368267658087,,,0
2024-05-31,109.63300323486328,1.0,-0.007877067367059797,,109.63300323486328,1
2024-06-03,115.0,1.0,0.04779367477250245,,,0
2024-06-04,116.43699645996094,1.0,0.01241819543707253,,,0
2024-06-05,122.44000244140625,-1.0,0.050270810216502274,122.44000244140625,,-1
2024-06-06,120.99800109863281,-1.0,-0.011847108402547688,,,0
2024-06-07,120.88800048828125,1.0,-0.0009095244636971615,,120.88800048828125,1
2024-06-10,121.79000091552734,-1.0,0.007433756465701216,121.79000091552734,,-1
2024-06-11,120.91000366210938,1.0,-0.007251760142231361,,120.91000366210938,1
2024-06-12,125.19999694824219,1.0,0.034865936816885656,,,0
2024-06-13,129.61000061035156,1.0,0.03461751185348768,,,0
2024-06-14,131.8800048828125,-1.0,0.01736250908376909,131.8800048828125,,-1
2024-06-17,130.97999572753906,1.0,-0.006847848057470798,,130.97999572753906,1
2024-06-18,135.5800018310547,-1.0,0.034517278337443155,135.5800018310547,,-1
2024-06-20,130.77999877929688,-1.0,-0.03604537270905467,,,0
2024-06-21,126.56999969482422,-1.0,-0.032721000405875486,,,0
2024-06-24,118.11000061035156,1.0,-0.06917911360182505,,118.11000061035156,1
2024-06-25,126.08999633789062,1.0,0.06537950985011054,,,0
2024-06-26,126.4000015258789,-1.0,0.002455585143063832,126.4000015258789,,-1
2024-06-27,123.98999786376953,-1.0,-0.019250593821887728,,,0
2024-06-28,123.54000091552734,1.0,-0.003635902284166346,,123.54000091552734,1
2024-07-01,124.30000305175781,-1.0,0.0061330253896867285,124.30000305175781,,-1
2024-07-02,122.66999816894531,1.0,-0.01320021495022643,,122.66999816894531,1
2024-07-03,128.27999877929688,-1.0,0.044717557191037115,128.27999877929688,,-1
2024-07-05,125.83000183105469,1.0,-0.019283561153337122,,125.83000183105469,1
2024-07-08,128.1999969482422,1.0,0.018659716526216393,,,0
2024-07-09,131.3800048828125,1.0,0.024502403947989197,,,0
2024-07-10,134.91000366210938,-1.0,0.02651399196566244,134.91000366210938,,-1
2024-07-11,127.4000015258789,1.0,-0.057276161480423596,,127.4000015258789,1
2024-07-12,129.24000549316406,-1.0,0.014339428344752825,129.24000549316406,,-1
2024-07-15,128.44000244140625,-1.0,-0.006209295230428465,,,0
2024-07-16,126.36000061035156,-1.0,-0.01632690746531514,,,0
2024-07-17,117.98999786376953,1.0,-0.06853512375749839,,117.98999786376953,1
2024-07-18,121.08999633789062,-1.0,0.025934183516757067,121.08999633789062,,-1
2024-07-19,117.93000030517578,1.0,-0.026442809833753283,,117.93000030517578,1
2024-07-22,123.54000091552734,-1.0,0.04647376698888053,123.54000091552734,,-1
2024-07-23,122.58999633789062,-1.0,-0.007719573444450259,,,0
2024-07-24,114.25,-1.0,-0.07045639445976531,,,0
2024-07-25,112.27999877929688,1.0,-0.017393289152587556,,112.27999877929688,1
2024-07-26,113.05999755859375,-1.0,0.006922889031518685,113.05999755859375,,-1
2024-07-29,111.58999633789062,-1.0,-0.01308722227317673,,,0
2024-07-30,103.7300033569336,1.0,-0.07304000557410747,,103.7300033569336,1
2024-07-31,117.0199966430664,-1.0,0.1205534298672921,117.0199966430664,,-1
2024-08-01,109.20999908447266,-1.0,-0.06907220584679863,,,0
2024-08-02,107.2699966430664,-1.0,-0.017923636511361623,,,0
2024-08-05,100.44999694824219,1.0,-0.06568892843501428,,100.44999694824219,1
2024-08-06,104.25,-1.0,0.03713179979883206,104.25,,-1
2024-08-07,98.91000366210938,1.0,-0.05258147790249958,,98.91000366210938,1
2024-08-08,104.97000122070312,1.0,0.059464223900361594,,,0
2024-08-09,104.75,1.0,-0.0020980478745258333,,,0
2024-08-12,109.0199966430664,1.0,0.03995476204198114,,,0
2024-08-13,116.13999938964844,1.0,0.06326503384436676,,,0
2024-08-14,118.08000183105469,1.0,0.016566021670466627,,,0
2024-08-15,122.86000061035156,1.0,0.03968312434458197,,,0
2024-08-16,124.58000183105469,1.0,0.013902593820177873,,,0
2024-08-19,130.0,-1.0,0.042586355931760876,130.0,,-1
2024-08-20,127.25,1.0,-0.02138079502495033,,127.25,1
2024-08-21,128.5,-1.0,0.009775248904642465,128.5,,-1
2024-08-22,123.73999786376953,1.0,-0.037746331496295346,,123.73999786376953,1
2024-08-23,129.3699951171875,-1.0,0.04449390534782619,129.3699951171875,,-1
2024-08-26,126.45999908447266,1.0,-0.02275043279599763,,126.45999908447266,1
2024-08-27,128.3000030517578,-1.0,0.01444525001689217,128.3000030517578,,-1
2024-08-28,125.61000061035156,-1.0,-0.021189421849437947,,,0
2024-08-29,117.58999633789062,1.0,-0.0659779068659719,,117.58999633789062,1
2024-08-30,119.37000274658203,-1.0,0.015023969423637647,119.37000274658203,,-1
2024-09-03,108.0,-1.0,-0.1000967089917078,,,0
2024-09-04,106.20999908447266,1.0,-0.016712969410744568,,106.20999908447266,1
2024-09-05,107.20999908447266,-1.0,0.009371261615102933,107.20999908447266,,-1
2024-09-06,102.83000183105469,1.0,-0.04171236228085935,,102.83000183105469,1
2024-09-09,106.47000122070312,1.0,0.034786109744026995,,,0
2024-09-10,108.0999984741211,1.0,0.015193443737978365,,,0
2024-09-11,116.91000366210938,1.0,0.07834772881317871,,,0
2024-09-12,119.13999938964844,-1.0,0.0188948277346609,119.13999938964844,,-1
2024-09-13,119.0999984741211,-1.0,-0.0003358035280550084,,,0
2024-09-16,116.77999877929688,-1.0,-0.019671651147132523,,,0
2024-09-17,115.58999633789062,-1.0,-0.010242396778088237,,,0
2024-09-18,113.37000274658203,1.0,-0.01939258536807167,,113.37000274658203,1
2024-09-19,117.87000274658203,-1.0,0.038925515284051825,117.87000274658203,,-1
2024-09-20,116.0,1.0,-0.015992154433903553,,116.0,1
2024-09-23,116.26000213623047,1.0,0.002238889541435066,,,0
2024-09-24,120.87000274658203,1.0,0.03888652994700413,,,0
2024-09-25,123.51000213623047,1.0,0.021606531151130978,,,0
2024-09-26,124.04000091552734,-1.0,0.004281959867217117,124.04000091552734,,-1
2024-09-27,121.4000015258789,-1.0,-0.02151321041873548,,,0
